#{"t_start": 1625009555.2095263, "env_id": "mario_puzzle-v0"}
r,l,t
6.576219,4,12.631885
60.852735,29,114.38018
45.262756,20,187.430681
1.887077,1,190.325547
28.926826,12,231.965046
46.112827,20,294.751604
6.076027,3,302.791799
28.309833,13,345.038502
24.494139,10,377.763919
5.803346,3,389.778217
7.561574,3,397.272778
14.192485,6,417.825809
8.210921,4,432.83125
5.696532,3,447.825928
18.353437,8,476.915506
