#{"t_start": 1625839238.3796496, "env_id": "mario_puzzle-v0"}
r,l,t
8.780019,5,13.095205
6.275462,3,17.245383
3.557957,2,23.560721
9.016793,4,29.226181
28.269633,14,57.597519
3.420882,2,63.6514
17.873528,8,76.166455
2.18462,1,82.167952
13.854482,6,91.424675
15.411216,7,100.385239
125.465381,58,200.006502
25.993476,11,220.944448
52.094941,23,258.635465
23.313116,10,274.237794
