#{"t_start": 1624976501.7246027, "env_id": "mario_puzzle-v0"}
r,l,t
6.365678,4,25.826917
14.524421,6,51.656571
9.122254,4,61.48777
5.98123,3,71.699579
23.589531,11,96.919197
21.852034,10,127.606751
2.251597,1,131.765907
1.283772,1,133.118915
10.609918,5,146.01754
14.948198,7,162.405813
14.748503,7,177.55349
3.458755,2,183.034405
31.976691,15,227.189095
75.07211,35,313.238802
21.636264,10,343.132862
56.770646,26,420.709354
15.429474,7,437.50522
