#{"t_start": 1625839238.3793912, "env_id": "mario_puzzle-v0"}
r,l,t
10.672479,5,12.768559
31.733321,12,35.120825
40.955672,17,71.387674
29.453971,12,92.727786
23.453009,10,107.23585
90.402648,40,175.718548
3.657376,2,178.076648
4.022648,2,182.075579
5.261931,2,185.186179
25.763555,11,206.111247
8.957761,4,213.623949
2.298086,1,215.574164
2.362644,1,218.695236
18.013065,8,229.564595
3.719086,2,236.376048
27.742213,12,254.333307
6.641124,3,258.800295
