#{"t_start": 1624976501.7071714, "env_id": "mario_puzzle-v0"}
r,l,t
8.038167,5,29.085383
67.509464,32,125.182795
21.640928,9,148.048644
2.190518,1,150.724335
12.541914,5,162.950741
54.928371,23,219.759541
27.796752,12,254.050977
21.64567,9,276.009513
4.075042,2,279.261363
39.783704,17,323.639041
10.014443,4,336.404173
19.960107,8,359.426725
4.049097,2,371.071735
14.737634,6,385.379925
14.272371,6,403.633678
2.111109,1,408.230575
1.427906,1,412.218316
