#{"t_start": 1625009555.239297, "env_id": "mario_puzzle-v0"}
r,l,t
16.639602,9,29.395427
8.356912,4,44.167755
11.123376,5,64.462262
10.434029,5,79.681285
26.699968,12,121.217666
22.678492,10,158.223885
3.727409,2,163.682613
2.063768,1,168.370389
16.125455,8,199.661872
124.462082,61,394.174209
26.503446,13,445.360292
4.233303,2,452.717592
6.004934,3,466.306209
10.408125,5,479.983404
61.662399,29,576.709571
