#{"t_start": 1625009555.9600763, "env_id": "mario_puzzle-v0"}
r,l,t
6.520192,4,11.953442
10.380185,5,28.042878
5.948105,3,39.577344
4.163996,2,48.535741
15.501897,7,72.165559
15.641822,7,96.533837
16.153856,7,119.612815
9.238081,4,133.762059
10.863739,5,155.200848
14.133616,6,177.080008
30.15964,13,224.292363
13.141595,6,242.219132
43.149392,20,301.938174
13.735242,6,323.030269
53.070915,24,398.960028
1.451717,1,402.113987
52.246644,24,491.170229
