#{"t_start": 1625009555.9201698, "env_id": "mario_puzzle-v0"}
r,l,t
13.766323,7,22.512068
6.241422,3,31.028633
1.200898,1,38.117522
5.051244,2,44.122524
62.667764,29,149.122182
13.151435,6,167.471247
6.695279,3,178.997768
9.391789,4,194.275622
28.730455,13,240.549292
42.745154,19,298.04942
15.970864,7,321.230169
34.388647,15,367.789289
3.487757,2,373.505587
10.47026,5,390.864587
19.866252,8,417.082247
2.470889,1,421.669241
