#{"t_start": 1624976502.234541, "env_id": "mario_puzzle-v0"}
r,l,t
28.939224,15,63.710432
11.796924,5,76.824408
49.415819,23,139.199136
12.827622,5,155.087637
33.908834,15,188.58832
56.580561,26,259.737063
22.902404,10,284.328651
11.453425,5,295.136927
24.139292,11,323.078412
23.112952,10,353.758024
6.283217,3,365.188607
22.844635,10,396.175828
6.387144,3,403.804761
48.421584,21,454.796024
