#{"t_start": 1624976501.895992, "env_id": "mario_puzzle-v0"}
r,l,t
10.319131,5,29.078646
10.426264,5,51.237647
11.268718,5,64.31133
94.887229,45,181.026759
13.527065,6,195.707315
6.335222,3,206.179503
5.558565,3,213.219424
27.176348,12,247.133728
5.581269,3,256.760517
37.836473,17,294.816643
39.254289,18,345.614866
29.743166,13,385.238938
19.029094,9,413.711941
4.451043,2,417.869319
11.248588,5,430.918185
27.108134,12,458.915164
