#{"t_start": 1625009556.068213, "env_id": "mario_puzzle-v0"}
r,l,t
27.218024,14,47.542984
2.317744,1,53.464344
36.05546,17,109.865865
1.99368,1,112.406843
48.750242,23,198.395221
7.989017,4,214.291883
31.690054,14,257.850495
91.893434,42,391.733908
18.658577,8,417.581272
9.941921,5,435.856674
33.99556,14,488.125316
11.835714,5,508.567579
48.921253,22,580.178877
