#{"t_start": 1624976502.130052, "env_id": "mario_puzzle-v0"}
r,l,t
0.091823,1,9.620972
13.052312,6,44.361605
46.840887,21,96.649943
17.059489,7,117.832412
2.379858,1,119.857303
57.572497,26,185.602586
43.275162,19,240.084058
67.129382,29,309.442847
9.293356,4,320.271956
30.847655,13,359.239797
25.329149,11,397.972642
15.580742,7,415.693379
26.823829,12,442.955724
11.155472,5,454.41609
2.102484,1,456.45459
