#{"t_start": 1625009555.348255, "env_id": "mario_puzzle-v0"}
r,l,t
18.188178,10,32.287421
8.536138,4,50.724152
17.791212,8,75.546118
5.541238,3,87.945588
14.812111,7,110.45324
15.444931,7,135.223633
22.665064,10,171.051864
12.818424,6,195.838059
23.598685,10,229.99534
55.886096,25,306.086508
23.296971,10,339.975439
9.959259,4,353.686907
44.100783,20,417.983777
41.81077,18,486.006346
13.416723,6,510.274846
6.046969,3,519.768896
6.126234,3,530.420954
