#{"t_start": 1625009555.0445404, "env_id": "mario_puzzle-v0"}
r,l,t
23.643389,12,41.182947
25.314659,11,82.247237
38.391052,17,138.415588
2.952108,1,144.564871
2.032085,1,147.96381
75.558266,35,266.475548
49.069354,22,337.604487
8.510801,4,352.415089
42.969424,19,412.152356
36.317291,15,471.06018
13.5004,6,488.302216
22.226181,10,528.526279
8.002649,4,541.509495
