#{"t_start": 1624976502.4519844, "env_id": "mario_puzzle-v0"}
r,l,t
0.538786,1,9.407984
41.597501,19,78.061959
109.63387,50,209.066841
10.302017,5,219.356619
6.410555,3,232.382564
9.876564,5,243.746328
31.649296,14,277.14372
16.707904,8,299.239753
20.66102,9,318.309208
28.541996,12,357.199394
33.925998,15,402.626285
11.80568,5,418.721158
38.945913,17,456.618376
8.611243,4,466.7517
