#{"t_start": 1624976501.4840362, "env_id": "mario_puzzle-v0"}
r,l,t
13.991313,8,47.091569
37.425368,18,93.107663
6.331272,3,100.769347
8.869083,4,114.277479
2.448479,1,116.227464
4.025025,2,120.219391
19.883328,9,144.918708
34.824191,15,179.902813
10.657762,5,191.987273
8.268243,4,208.528549
21.104313,10,237.915066
8.687178,4,244.826277
42.739092,20,293.99645
57.108663,27,373.591625
41.500669,19,427.434887
