#{"t_start": 1624976502.5588915, "env_id": "mario_puzzle-v0"}
r,l,t
36.465666,18,72.130937
27.068599,12,102.008812
89.605632,43,215.129763
23.7424,11,246.971833
2.28458,1,249.402999
10.397236,5,265.14534
109.803446,52,405.552548
1.99117,1,410.257175
49.005998,22,462.704351
