#{"t_start": 1625839238.376825, "env_id": "mario_puzzle-v0"}
r,l,t
35.222196,18,36.81868
28.17256,12,62.510075
1.992108,1,65.498557
6.503569,3,71.299023
6.424009,3,74.921222
1.546482,1,78.848399
6.734985,3,84.930571
43.037422,19,114.540833
3.247833,2,116.568546
35.612912,16,142.679336
32.959499,15,171.388277
33.21838,15,195.858429
72.340969,34,255.824228
