#{"t_start": 1624976501.945128, "env_id": "mario_puzzle-v0"}
r,l,t
52.694961,32,110.267355
54.097928,23,167.110236
19.801376,8,188.080083
40.957451,17,238.748595
26.48858,11,267.326156
3.651454,2,269.527248
45.802448,20,316.627078
5.618481,3,325.626777
84.827755,38,437.046253
25.361709,11,462.479834
