#{"t_start": 1625009555.4522166, "env_id": "mario_puzzle-v0"}
r,l,t
24.632368,13,43.059822
5.967188,3,55.686439
20.004334,8,84.054291
2.378724,1,87.608206
6.228317,3,96.86023
4.803867,2,104.157519
23.593789,10,137.930805
30.469566,13,184.57956
1.567075,1,192.767887
75.472795,35,302.67158
6.583779,3,314.823527
50.864983,23,389.555292
13.200466,6,409.57707
17.354069,8,437.269378
36.916319,17,501.157026
33.412825,15,553.939084
