#{"t_start": 1625839238.3795118, "env_id": "mario_puzzle-v0"}
r,l,t
17.590611,9,19.535063
39.823344,19,58.942654
9.104692,4,68.394422
54.095191,23,104.409627
4.876271,2,108.559426
13.036998,6,119.113353
48.144875,21,153.728919
15.30544,7,163.969002
52.979278,24,210.778945
21.941604,10,227.666269
45.36734,21,262.239262
