#{"t_start": 1624976502.4624753, "env_id": "mario_puzzle-v0"}
r,l,t
8.018711,6,33.021265
15.310016,7,58.873962
39.083606,17,102.256983
4.195772,2,110.110971
19.32309,9,133.610356
84.143869,37,232.210613
13.629212,6,246.427562
6.598083,3,254.8255
10.338196,4,266.90321
6.48161,3,271.111125
61.530378,28,344.608625
11.460212,5,361.427708
67.20488,30,442.188176
