#{"t_start": 1625009555.8898065, "env_id": "mario_puzzle-v0"}
r,l,t
1.883787,2,6.30642
38.354925,17,67.763795
3.710872,2,71.132924
32.107611,15,124.072595
1.120543,1,127.785296
4.025937,2,135.964638
38.311367,17,198.121843
45.182838,21,265.501311
4.09297,2,272.809673
39.113492,17,325.697966
6.984351,3,336.922497
61.982406,29,430.040261
94.009197,43,584.953964
