#{"t_start": 1624976502.4166653, "env_id": "mario_puzzle-v0"}
r,l,t
3.084331,2,12.636526
3.690063,3,28.557765
155.971267,73,230.621056
40.205234,18,275.147131
42.759328,19,322.767897
