#{"t_start": 1625009555.434453, "env_id": "mario_puzzle-v0"}
r,l,t
7.49855,5,17.618976
10.027492,6,35.867061
1.28423,1,40.274733
25.768478,11,81.974689
21.540007,9,111.002791
35.317789,16,167.943293
92.374901,43,312.173588
36.402255,17,365.044942
1.953011,1,368.411321
24.289479,11,402.455283
10.465766,5,420.895014
71.160314,33,545.644216
19.821319,9,570.919986
5.922333,3,580.703292
8.229168,4,592.284949
4.874695,2,597.299431
