#{"t_start": 1625009555.134327, "env_id": "mario_puzzle-v0"}
r,l,t
35.944271,19,66.166536
47.479654,22,142.088408
4.391765,2,151.576354
10.828234,5,169.630797
19.717753,9,204.40625
5.366825,3,212.89284
17.372274,8,238.515153
17.705004,8,263.639682
41.386368,19,324.456377
20.909568,9,353.758574
53.889927,25,439.518822
4.494249,2,447.438981
60.252995,28,548.365672
17.892722,8,571.090263
3.76011,2,579.368143
1.97788,1,583.033654
