#{"t_start": 1624976502.6666415, "env_id": "mario_puzzle-v0"}
r,l,t
0.991674,1,9.40661
58.409299,28,99.580532
68.557219,31,178.71674
16.840847,7,198.576975
6.728303,3,208.605102
4.626573,2,212.606475
33.674526,15,252.905309
40.701238,18,296.544684
24.433754,11,326.617175
8.349588,4,340.156039
9.874574,5,351.403662
