#{"t_start": 1625009555.9280808, "env_id": "mario_puzzle-v0"}
r,l,t
19.287516,9,28.001017
105.724032,48,200.903804
5.172105,2,209.91347
17.105006,7,231.325796
11.431055,5,247.435396
67.014377,31,344.273879
13.496661,6,364.160884
4.938576,2,371.238318
13.624913,6,391.119001
53.901055,24,479.335293
22.444617,10,515.088569
24.438877,11,553.240298
22.039933,10,584.080832
6.614357,3,591.33405
