#{"t_start": 1624976502.5402093, "env_id": "mario_puzzle-v0"}
r,l,t
12.238743,6,32.363597
36.786804,17,84.126918
94.004124,44,196.803828
1.478764,1,199.775294
40.371718,19,253.200073
16.916658,7,271.012117
28.432113,13,302.260421
3.467638,2,306.367462
2.557071,1,309.146516
12.193162,5,322.741679
35.650815,17,377.494033
5.887601,3,384.187599
28.932487,13,424.943941
7.068484,3,430.411809
