#{"t_start": 1624976502.6195507, "env_id": "mario_puzzle-v0"}
r,l,t
52.490267,31,104.203145
14.586442,6,123.874701
72.662377,31,199.981688
25.454193,11,233.450962
94.629526,42,342.815004
32.678123,14,388.466214
25.83035,11,416.873745
14.75359,6,431.997208
