#{"t_start": 1625009555.7773817, "env_id": "mario_puzzle-v0"}
r,l,t
22.857596,12,40.117798
60.461198,29,142.024248
12.026967,5,159.849327
23.610443,11,201.93537
17.959874,8,227.919461
13.527147,6,248.446065
91.377587,43,384.298814
6.86873,3,394.446162
15.321389,7,417.622439
4.518937,2,424.559504
37.95255,18,491.462221
16.873707,8,523.809717
4.206056,2,530.907577
