#{"t_start": 1624976502.2159858, "env_id": "mario_puzzle-v0"}
r,l,t
38.701213,19,75.007763
12.384107,5,86.19779
9.205976,4,96.254974
23.900485,10,126.874249
6.902067,3,134.153788
62.952743,27,201.43157
61.229308,25,269.63326
56.901452,24,328.250401
34.933391,15,377.525687
21.393358,9,404.736018
11.439978,5,417.303821
41.502329,19,462.083695
