timesteps,reward,rewD_sum,rewN_sum,rewP_sum,MD_sum,N_sum
2048,39.29678259999999,16.902890716917362,5.098883399618873,17.2950084537,-1.1211816385260664,23.14000877847092
timesteps,reward,rewD_sum,rewN_sum,rewP_sum,MD_sum,N_sum
2048,21.822942100000002,9.412469819171761,3.183641929604086,9.226830135000002,-0.3270700987551631,12.85130171226064
